{"cameraMode":{"drawMode":0,"name":"Shaded","section":"Shading Mode"},"sceneLighting":true,"audioPlay":false,"sceneViewState":{"m_AlwaysRefresh":false,"showFog":true,"showSkybox":true,"showFlares":true,"showImageEffects":true,"showParticleSystems":true,"showVisualEffectGraphs":true,"m_FxEnabled":true},"in2DMode":false,"pivot":{"x":30.775606155395509,"y":35.96604537963867,"z":23.171554565429689},"rotation":{"x":0.10516621917486191,"y":-0.8731610178947449,"z":0.21675342321395875,"w":0.4237665832042694},"size":12.12435531616211,"orthographic":false}