{"cameraMode":{"drawMode":0,"name":"Shaded","section":"Shading Mode"},"sceneLighting":false,"audioPlay":false,"sceneViewState":{"m_AlwaysRefresh":false,"showFog":true,"showSkybox":false,"showFlares":true,"showImageEffects":true,"showParticleSystems":true,"showVisualEffectGraphs":true,"m_FxEnabled":true},"in2DMode":false,"pivot":{"x":28.774999618530275,"y":7.9679999351501469,"z":25.37006378173828},"rotation":{"x":-0.17700257897377015,"y":0.7603380084037781,"z":-0.23199190199375153,"w":-0.5803097486495972},"size":0.6928199529647827,"orthographic":false}